{"cameraMode":{"drawMode":0,"name":"Shaded","section":"Shading Mode"},"sceneLighting":false,"audioPlay":false,"sceneViewState":{"showFog":true,"showMaterialUpdate":false,"showSkybox":false,"showFlares":true,"showImageEffects":true,"showParticleSystems":true},"in2DMode":false,"pivot":{"x":6.76800012588501,"y":1.741971731185913,"z":5.986000061035156},"rotation":{"x":0.03388397395610809,"y":0.01885181851685047,"z":-0.0006337534287013114,"w":0.9992721676826477},"size":7.182657241821289,"orthographic":false}