{"cameraMode":{"drawMode":0,"name":"Shaded","section":"Shading Mode"},"sceneLighting":false,"audioPlay":false,"sceneViewState":{"showFog":true,"showMaterialUpdate":false,"showSkybox":false,"showFlares":true,"showImageEffects":true,"showParticleSystems":true},"in2DMode":false,"pivot":{"x":1.1920928955078126e-7,"y":0.0,"z":-2.384185791015625e-7},"rotation":{"x":0.1394014209508896,"y":0.8555866479873657,"z":-0.29880884289741518,"w":0.39916500449180605},"size":5.715778350830078,"orthographic":false}