{"cameraMode":{"drawMode":0,"name":"Shaded","section":"Shading Mode"},"sceneLighting":false,"audioPlay":false,"sceneViewState":{"showFog":true,"showMaterialUpdate":false,"showSkybox":false,"showFlares":true,"showImageEffects":true,"showParticleSystems":true},"in2DMode":false,"pivot":{"x":26.824033737182618,"y":-5.780078411102295,"z":-1.474050521850586},"rotation":{"x":0.27289530634880068,"y":-0.6735755205154419,"z":0.29668450355529787,"w":0.6195634007453919},"size":9.3352689743042,"orthographic":false}