{"cameraMode":{"drawMode":0,"name":"Shaded","section":"Shading Mode"},"sceneLighting":false,"audioPlay":false,"sceneViewState":{"showFog":true,"showMaterialUpdate":false,"showSkybox":false,"showFlares":true,"showImageEffects":true,"showParticleSystems":true},"in2DMode":false,"pivot":{"x":5.133416652679443,"y":-25.122299194335939,"z":47.21335220336914},"rotation":{"x":0.27289530634880068,"y":-0.6735755205154419,"z":0.29668450355529787,"w":0.6195634007453919},"size":64.61518096923828,"orthographic":false}