{"cameraMode":{"drawMode":0,"name":"Shaded","section":"Shading Mode"},"sceneLighting":false,"audioPlay":false,"sceneViewState":{"showFog":true,"showMaterialUpdate":false,"showSkybox":false,"showFlares":true,"showImageEffects":true,"showParticleSystems":true},"in2DMode":false,"pivot":{"x":1.2356866598129273,"y":1.241220235824585,"z":-2.9192280769348146},"rotation":{"x":0.002020352752879262,"y":0.9918578267097473,"z":-0.12654222548007966,"w":0.01580418460071087},"size":7.346774101257324,"orthographic":false}