{"cameraMode":{"drawMode":0,"name":"Shaded","section":"Shading Mode"},"sceneLighting":false,"audioPlay":false,"sceneViewState":{"showFog":true,"showMaterialUpdate":false,"showSkybox":false,"showFlares":true,"showImageEffects":true,"showParticleSystems":true},"in2DMode":false,"pivot":{"x":1.3486824035644532,"y":1.2245395183563233,"z":1.7389651536941529},"rotation":{"x":-0.0035184102598577739,"y":0.9961819648742676,"z":-0.04785351827740669,"w":-0.07333482801914215},"size":1.4289418458938599,"orthographic":false}