{"cameraMode":{"drawMode":0,"name":"Shaded","section":"Shading Mode"},"sceneLighting":true,"audioPlay":false,"sceneViewState":{"showFog":true,"showMaterialUpdate":false,"showSkybox":true,"showFlares":true,"showImageEffects":true,"showParticleSystems":true},"in2DMode":false,"pivot":{"x":52.89958572387695,"y":94.89776611328125,"z":49.87995147705078},"rotation":{"x":0.49474042654037478,"y":-0.5052405595779419,"z":0.49682533740997317,"w":0.5031221508979797},"size":5.32082986831665,"orthographic":false}