{"cameraMode":{"drawMode":0,"name":"Shaded","section":"Shading Mode"},"sceneLighting":false,"audioPlay":false,"sceneViewState":{"showFog":true,"showMaterialUpdate":false,"showSkybox":false,"showFlares":true,"showImageEffects":true,"showParticleSystems":true},"in2DMode":false,"pivot":{"x":1.2899999618530274,"y":3.1957406997680666,"z":0.51979660987854},"rotation":{"x":-0.17461606860160829,"y":-0.8004476428031921,"z":0.2790098488330841,"w":-0.5009531378746033},"size":11.528573989868164,"orthographic":false}