{"cameraMode":{"drawMode":0,"name":"Shaded","section":"Shading Mode"},"sceneLighting":false,"audioPlay":false,"sceneViewState":{"showFog":true,"showMaterialUpdate":false,"showSkybox":false,"showFlares":true,"showImageEffects":true,"showParticleSystems":true},"in2DMode":false,"pivot":{"x":21.78065299987793,"y":0.015001791529357434,"z":49.97703552246094},"rotation":{"x":0.27289530634880068,"y":-0.6735755205154419,"z":0.29668450355529787,"w":0.6195634007453919},"size":84.14579010009766,"orthographic":false}